-- =========================================
-- INSERT MEMBERS DATA
-- =========================================

INSERT INTO members(member_id, member_name, member_address, reg_date) 
VALUES
('C101', 'Alice Johnson', '123 Main St', '2021-05-15'),
('C102', 'Bob Smith', '456 Elm St', '2021-06-20'),
('C103', 'Carol Davis', '789 Oak St', '2021-07-10'),
('C104', 'Dave Wilson', '567 Pine St', '2021-08-05'),
('C105', 'Eve Brown', '890 Maple St', '2021-09-25'),
('C106', 'Frank Thomas', '234 Cedar St', '2021-10-15'),
('C107', 'Grace Taylor', '345 Walnut St', '2021-11-20'),
('C108', 'Henry Anderson', '456 Birch St', '2021-12-10'),
('C109', 'Ivy Martinez', '567 Oak St', '2022-01-05'),
('C110', 'Jack Wilson', '678 Pine St', '2022-02-25'),
('C118', 'Sam', '133 Pine St', '2024-06-01'),
('C119', 'John', '143 Main St', '2024-05-01');



-- =========================================
-- INSERT BRANCH DATA
-- =========================================

INSERT INTO branch(branch_id, manager_id, branch_address, contact_no) 
VALUES
('B001', 'E109', '123 Main St', '+919099988676'),
('B002', 'E109', '456 Elm St', '+919099988677'),
('B003', 'E109', '789 Oak St', '+919099988678'),
('B004', 'E110', '567 Pine St', '+919099988679'),
('B005', 'E110', '890 Maple St', '+919099988680');



-- =========================================
-- INSERT EMPLOYEES DATA
-- =========================================

INSERT INTO employees(emp_id, emp_name, position, salary, branch_id) 
VALUES
('E101', 'John Doe', 'Clerk', 60000.00, 'B001'),
('E102', 'Jane Smith', 'Clerk', 45000.00, 'B002'),
('E103', 'Mike Johnson', 'Librarian', 55000.00, 'B001'),
('E104', 'Emily Davis', 'Assistant', 40000.00, 'B001'),
('E105', 'Sarah Brown', 'Assistant', 42000.00, 'B001'),
('E106', 'Michelle Ramirez', 'Assistant', 43000.00, 'B001'),
('E107', 'Michael Thompson', 'Clerk', 62000.00, 'B005'),
('E108', 'Jessica Taylor', 'Clerk', 46000.00, 'B004'),
('E109', 'Daniel Anderson', 'Manager', 57000.00, 'B003'),
('E110', 'Laura Martinez', 'Manager', 41000.00, 'B005'),
('E111', 'Christopher Lee', 'Assistant', 65000.00, 'B005');



-- =========================================
-- INSERT BOOKS DATA
-- =========================================

INSERT INTO books(isbn, book_title, category, rental_price, status, author, publisher) 
VALUES
('978-0-553-29698-2', 'The Catcher in the Rye', 'Classic', 7.00, 'yes', 'J.D. Salinger', 'Little, Brown and Company'),
('978-0-330-25864-8', 'Animal Farm', 'Classic', 5.50, 'yes', 'George Orwell', 'Penguin Books'),
('978-0-14-118776-1', 'One Hundred Years of Solitude', 'Literary Fiction', 6.50, 'yes', 'Gabriel Garcia Marquez', 'Penguin Books'),
('978-0-525-47535-5', 'The Great Gatsby', 'Classic', 8.00, 'yes', 'F. Scott Fitzgerald', 'Scribner'),
('978-0-141-44171-6', 'Jane Eyre', 'Classic', 4.00, 'yes', 'Charlotte Bronte', 'Penguin Classics'),
('978-0-307-37840-1', 'The Alchemist', 'Fiction', 2.50, 'yes', 'Paulo Coelho', 'HarperOne'),
('978-0-679-76489-8', 'Harry Potter and the Sorcerers Stone', 'Fantasy', 7.00, 'yes', 'J.K. Rowling', 'Scholastic'),
('978-0-7432-4722-4', 'The Da Vinci Code', 'Mystery', 8.00, 'yes', 'Dan Brown', 'Doubleday'),
('978-0-09-957807-9', 'A Game of Thrones', 'Fantasy', 7.50, 'yes', 'George R.R. Martin', 'Bantam'),
('978-0-393-05081-8', 'A Peoples History of the United States', 'History', 9.00, 'yes', 'Howard Zinn', 'Harper Perennial');



-- =========================================
-- INSERT ISSUED STATUS DATA
-- =========================================

INSERT INTO issued_status
(issued_id, issued_member_id, issued_book_name, issued_date, issued_book_isbn, issued_emp_id) 
VALUES
('IS106', 'C106', 'Animal Farm', '2024-03-10', '978-0-330-25864-8', 'E104'),
('IS107', 'C107', 'One Hundred Years of Solitude', '2024-03-11', '978-0-14-118776-1', 'E104'),
('IS108', 'C108', 'The Great Gatsby', '2024-03-12', '978-0-525-47535-5', 'E104'),
('IS109', 'C109', 'Jane Eyre', '2024-03-13', '978-0-141-44171-6', 'E105'),
('IS110', 'C110', 'The Alchemist', '2024-03-14', '978-0-307-37840-1', 'E105');



-- =========================================
-- INSERT RETURN STATUS DATA
-- =========================================

INSERT INTO return_status(return_id, issued_id, return_date) 
VALUES
('RS104', 'IS106', '2024-05-01'),
('RS105', 'IS107', '2024-05-03'),
('RS106', 'IS108', '2024-05-05'),
('RS107', 'IS109', '2024-05-07'),
('RS108', 'IS110', '2024-05-09');